[{"pk": 1, "model": "investigation.register", "fields": {"court_case_number": 1, "complainant": 1, "forensic": 2, "results": 4, "reportbook": 1, "accused": 2, "officer": 3, "remarks": 2, "offense": 4, "property": 4}}, {"pk": 2, "model": "investigation.register", "fields": {"court_case_number": null, "complainant": 2, "forensic": 2, "results": 3, "reportbook": 2, "accused": 3, "officer": 2, "remarks": 4, "offense": 11, "property": 4}}, {"pk": 3, "model": "investigation.register", "fields": {"court_case_number": null, "complainant": 3, "forensic": 3, "results": 3, "reportbook": 5, "accused": 3, "officer": 2, "remarks": 3, "offense": 7, "property": 4}}, {"pk": 4, "model": "investigation.register", "fields": {"court_case_number": 1, "complainant": 1, "forensic": 2, "results": 1, "reportbook": 6, "accused": 2, "officer": 3, "remarks": 1, "offense": 32, "property": 5}}, {"pk": 5, "model": "investigation.register", "fields": {"court_case_number": 2, "complainant": 1, "forensic": 1, "results": 3, "reportbook": 8, "accused": 2, "officer": 2, "remarks": 5, "offense": 9, "property": 1}}, {"pk": 6, "model": "investigation.register", "fields": {"court_case_number": 3, "complainant": 3, "forensic": 1, "results": 2, "reportbook": 1, "accused": 1, "officer": 1, "remarks": 5, "offense": 31, "property": 3}}, {"pk": 7, "model": "investigation.register", "fields": {"court_case_number": 4, "complainant": 3, "forensic": 2, "results": 1, "reportbook": 6, "accused": 1, "officer": 3, "remarks": 5, "offense": 18, "property": 4}}, {"pk": 8, "model": "investigation.register", "fields": {"court_case_number": 5, "complainant": 1, "forensic": 1, "results": 2, "reportbook": 1, "accused": 2, "officer": 3, "remarks": 3, "offense": 17, "property": 2}}, {"pk": 9, "model": "investigation.register", "fields": {"court_case_number": 6, "complainant": 3, "forensic": 2, "results": 1, "reportbook": 2, "accused": 2, "officer": 4, "remarks": 2, "offense": 20, "property": 2}}, {"pk": 10, "model": "investigation.register", "fields": {"court_case_number": 7, "complainant": 3, "forensic": 2, "results": 1, "reportbook": 8, "accused": 3, "officer": 1, "remarks": 3, "offense": 15, "property": 3}}, {"pk": 11, "model": "investigation.register", "fields": {"court_case_number": 8, "complainant": 1, "forensic": 2, "results": 1, "reportbook": 5, "accused": 3, "officer": 1, "remarks": 5, "offense": 4, "property": 3}}, {"pk": 12, "model": "investigation.register", "fields": {"court_case_number": 9, "complainant": 3, "forensic": 3, "results": 1, "reportbook": 7, "accused": 1, "officer": 3, "remarks": 3, "offense": 38, "property": 6}}, {"pk": 13, "model": "investigation.register", "fields": {"court_case_number": 10, "complainant": 2, "forensic": 3, "results": 1, "reportbook": 8, "accused": 2, "officer": 2, "remarks": 1, "offense": 6, "property": 6}}, {"pk": 14, "model": "investigation.register", "fields": {"court_case_number": 11, "complainant": 3, "forensic": 2, "results": 3, "reportbook": 2, "accused": 2, "officer": 1, "remarks": 2, "offense": 23, "property": 4}}, {"pk": 15, "model": "investigation.register", "fields": {"court_case_number": 12, "complainant": 1, "forensic": 1, "results": 2, "reportbook": 2, "accused": 2, "officer": 4, "remarks": 5, "offense": 18, "property": 1}}, {"pk": 16, "model": "investigation.register", "fields": {"court_case_number": 13, "complainant": 3, "forensic": 3, "results": 3, "reportbook": 1, "accused": 1, "officer": 3, "remarks": 2, "offense": 27, "property": 6}}, {"pk": 17, "model": "investigation.register", "fields": {"court_case_number": 14, "complainant": 3, "forensic": 1, "results": 2, "reportbook": 2, "accused": 4, "officer": 2, "remarks": 2, "offense": 20, "property": 2}}, {"pk": 18, "model": "investigation.register", "fields": {"court_case_number": 15, "complainant": 2, "forensic": 3, "results": 1, "reportbook": 6, "accused": 1, "officer": 1, "remarks": 2, "offense": 22, "property": 3}}, {"pk": 19, "model": "investigation.register", "fields": {"court_case_number": 16, "complainant": 1, "forensic": 3, "results": 3, "reportbook": 6, "accused": 2, "officer": 1, "remarks": 1, "offense": 3, "property": 3}}, {"pk": 20, "model": "investigation.register", "fields": {"court_case_number": 17, "complainant": 2, "forensic": 3, "results": 1, "reportbook": 7, "accused": 3, "officer": 3, "remarks": 5, "offense": 26, "property": 4}}, {"pk": 21, "model": "investigation.register", "fields": {"court_case_number": 18, "complainant": 2, "forensic": 1, "results": 3, "reportbook": 4, "accused": 4, "officer": 3, "remarks": 2, "offense": 33, "property": 6}}, {"pk": 22, "model": "investigation.register", "fields": {"court_case_number": 19, "complainant": 3, "forensic": 1, "results": 1, "reportbook": 4, "accused": 2, "officer": 3, "remarks": 4, "offense": 2, "property": 6}}, {"pk": 1, "model": "investigation.remark", "fields": {"description": "O-going"}}, {"pk": 2, "model": "investigation.remark", "fields": {"description": "On trial"}}, {"pk": 3, "model": "investigation.remark", "fields": {"description": "Case Closed"}}, {"pk": 4, "model": "investigation.remark", "fields": {"description": "Case discarded"}}, {"pk": 5, "model": "investigation.remark", "fields": {"description": "Case re-opened"}}, {"pk": 1, "model": "investigation.reportbook", "fields": {"station": 5, "ir_number": 1, "book_date": "2010-06-14"}}, {"pk": 2, "model": "investigation.reportbook", "fields": {"station": 5, "ir_number": 2, "book_date": "2010-06-09"}}, {"pk": 3, "model": "investigation.reportbook", "fields": {"station": 5, "ir_number": 3, "book_date": "2010-06-29"}}, {"pk": 4, "model": "investigation.reportbook", "fields": {"station": 8, "ir_number": 1, "book_date": "2010-06-22"}}, {"pk": 5, "model": "investigation.reportbook", "fields": {"station": 8, "ir_number": 2, "book_date": "2010-04-03"}}, {"pk": 6, "model": "investigation.reportbook", "fields": {"station": 8, "ir_number": 3, "book_date": "2010-06-30"}}, {"pk": 7, "model": "investigation.reportbook", "fields": {"station": 10, "ir_number": 1, "book_date": "2010-07-04"}}, {"pk": 8, "model": "investigation.reportbook", "fields": {"station": 10, "ir_number": 2, "book_date": "2010-07-29"}}, {"pk": 1, "model": "investigation.forensic", "fields": {"dispatch_date": "2010-06-14", "tcro_number": 1, "return_date": "2010-07-23"}}, {"pk": 2, "model": "investigation.forensic", "fields": {"dispatch_date": "2010-05-17", "tcro_number": 2, "return_date": "2010-06-16"}}, {"pk": 3, "model": "investigation.forensic", "fields": {"dispatch_date": "2009-09-05", "tcro_number": 3, "return_date": "2010-05-25"}}, {"pk": 1, "model": "investigation.accused", "fields": {"first_name": "Allen", "last_name": "Machary", "gender": "M", "age": 23, "address": "KIMARA\r\nKINDONI\r\nDAR ES SALAAM", "nationality": "Mchaga"}}, {"pk": 2, "model": "investigation.accused", "fields": {"first_name": "Salome", "last_name": "Maro", "gender": "F", "age": 23, "address": "TEGETA\r\nKINONDONI\r\nDAR ES SALAAM", "nationality": "Mchaga"}}, {"pk": 3, "model": "investigation.accused", "fields": {"first_name": "Irene", "last_name": "Togolai", "gender": "F", "age": 23, "address": "KOROGWE\r\nTANGA", "nationality": "Mpare"}}, {"pk": 4, "model": "investigation.accused", "fields": {"first_name": "Auson", "last_name": "Kisanga", "gender": "M", "age": 23, "address": "KUNDUCHI\r\nKINONDONI\r\nDAR ES SALAAM", "nationality": "Mhaya"}}, {"pk": 1, "model": "investigation.complainant", "fields": {"tribe": "Mhaya", "first_name": "John", "last_name": "Francis", "residence": "PUGU SEC. SCHOOL\r\nUKONGA - ILALA\r\nDAR ES SLAAM\r\nTANZANIA", "age": 23, "religion": "Christian", "occupation": "Software Developer"}}, {"pk": 2, "model": "investigation.complainant", "fields": {"tribe": "Mzigua", "first_name": "Adnan", "last_name": "Salim", "residence": "TABATA\r\nILALA\r\nDAR ES SALAAM\r\n", "age": 23, "religion": "Muslim", "occupation": "System Analyst"}}, {"pk": 3, "model": "investigation.complainant", "fields": {"tribe": "Msukuma", "first_name": "Sovello", "last_name": "Hildebrand", "residence": "HANDENI\r\nTANGA", "age": 25, "religion": "Christian", "occupation": "Engineer"}}, {"pk": 1, "model": "investigation.property", "fields": {"recovered": 40000, "stollen": 50000000}}, {"pk": 2, "model": "investigation.property", "fields": {"recovered": 834000, "stollen": 64700000}}, {"pk": 3, "model": "investigation.property", "fields": {"recovered": 178000, "stollen": 89300000}}, {"pk": 4, "model": "investigation.property", "fields": {"recovered": 2147483647, "stollen": 2147483647}}, {"pk": 5, "model": "investigation.property", "fields": {"recovered": 723400, "stollen": 2147483647}}, {"pk": 6, "model": "investigation.property", "fields": {"recovered": 723400, "stollen": 562000}}, {"pk": 1, "model": "investigation.officer", "fields": {"position": "COPLO", "first_name": "Mbwana", "last_name": "Mbura"}}, {"pk": 2, "model": "investigation.officer", "fields": {"position": "OCD", "first_name": "Tumaini", "last_name": "Foya"}}, {"pk": 3, "model": "investigation.officer", "fields": {"position": "ODC", "first_name": "Shaban", "last_name": "Ally"}}, {"pk": 4, "model": "investigation.officer", "fields": {"position": "COPLO", "first_name": "Mariam", "last_name": "Ngaya"}}, {"pk": 1, "model": "investigation.result", "fields": {"date": "2010-06-06", "explanation": "Case was challenging but fine"}}, {"pk": 2, "model": "investigation.result", "fields": {"date": "2010-04-17", "explanation": "Case had lot of trouble"}}, {"pk": 3, "model": "investigation.result", "fields": {"date": "2010-07-06", "explanation": "Case had many accomplices"}}, {"pk": 4, "model": "investigation.result", "fields": {"date": "2010-07-27", "explanation": "Case had one of our men injured badly"}}]
